URL,Last crawled,Status
https://securelifts.com/raynor-energycore-series/,2026-07-19,Pending
https://securelifts.com/Content/Install/SafetySensors.htm,2026-07-19,Pending
https://securelifts.com/privacy-policy-2/,2026-07-19,Pending
https://securelifts.com/steelweave-metal-mesh-grille/,2026-07-19,Pending
https://securelifts.com/Content/Misc/Accessories.htm,2026-07-18,Pending
https://securelifts.com/portfolio,2026-07-16,Pending
https://securelifts.com/crossinggard/,2026-07-16,Pending
https://securelifts.com/terms-and-conditions/,2026-07-16,Pending
https://securelifts.com/portfolio/garage-door-installation-in-pinecrest/feed/,2026-07-07,Pending
https://securelifts.com/search/{search_term_string}/,2026-07-05,Pending
https://securelifts.com/Content/UG/UG_AdjustmentSafetyPHX.htm,2026-07-04,Pending
https://securelifts.com/west-miami/,2026-07-03,Pending
https://securelifts.com/heavy-duty-5015-rolling-grille/,2026-07-02,Pending
https://securelifts.com/firecoil/,2026-06-27,Pending
https://securelifts.com/hialeah/,2026-06-22,Pending
https://securelifts.com/Content/UG/UG_ProtectorSystem.htm,2026-06-16,Pending
https://securelifts.com/miami-beach/,2026-06-03,Pending
https://securelifts.com/careers/,2026-06-01,Pending
https://securelifts.com/buildmark/,2026-05-31,Pending
https://securelifts.com/giveaway/,2026-05-28,Pending
https://securelifts.com/book-your-appointment/,2026-05-26,Pending
https://securelifts.com/liftmaster-87802-chain-drive-opener/,2026-05-26,Pending
https://securelifts.com/liftmaster-wall-mount-openers/,2026-05-25,Pending
https://securelifts.com/residential/,2026-05-25,Pending
https://securelifts.com/services/,2026-05-25,Pending
https://securelifts.com/liftmaster-81650-garage-door-opener/,2026-05-25,Pending
https://securelifts.com/liftmaster-81550-garage-door-opener/,2026-05-25,Pending
https://securelifts.com/_next/static/media/caa3a2e1cccd8315-s.p.853070df.woff2,2026-05-23,Pending
https://securelifts.com/legacyview-garage-door/,2026-05-23,Pending
https://securelifts.com/liftmaster-87504-267-belt-drive-opener/,2026-05-22,Pending
https://securelifts.com/gallery-steel/,2026-05-19,Pending
https://securelifts.com/architectural-series-steel/,2026-05-19,Pending
https://securelifts.com/liftmaster-85870-ac-chain-drive-wi-fi-garage-door-opener/,2026-05-18,Pending
https://securelifts.com/extreme-1024/,2026-05-18,Pending
https://securelifts.com/energy-series/,2026-05-18,Pending
https://securelifts.com/wynwood-garage-door/,2026-05-18,Pending
https://securelifts.com/th160-series/,2026-05-18,Pending
https://securelifts.com/canyon-ridge-brochure/,2026-05-17,Pending
https://securelifts.com/liftmaster-81600w-garage-door-opener/,2026-05-12,Pending
https://securelifts.com/commercial/,2026-05-09,Pending
https://securelifts.com/deeringcraft-garage-door/,2026-05-07,Pending
https://securelifts.com/garage-door-repair-in-palm-beach/,2026-05-07,Pending
https://securelifts.com/chain-drive-garage-door-openers/,2026-05-07,Pending
https://securelifts.com/extreme-300-series/,2026-05-05,Pending
https://securelifts.com/garage-door-repair-in-juno-beach/,2026-04-29,Pending
https://securelifts.com/garage-door-repair-in-atlantis/,2026-04-28,Pending
https://securelifts.com/architectural-series-aluminum/,2026-04-27,Pending
https://securelifts.com/the-boulevard-garage-door/,2026-04-23,Pending
https://securelifts.com/product/garage-door-giveaway/?link=7974186fe7,2026-04-22,Pending
https://securelifts.com/alumaview-series/,2026-04-21,Pending