URL,Last crawled
https://securelifts.com/liftmaster-84505r-belt-drive-opener,2026-09-01
https://securelifts.com/belt-drive-garage-door-openers,2026-08-29
https://securelifts.com/miami,2026-08-22
https://securelifts.com/miami/,2026-08-22
https://securelifts.com/garage-doors,2026-08-21
https://securelifts.com/garage-doors/,2026-08-21
https://securelifts.com/about-us,2026-08-20
https://securelifts.com/garage-door-opener/,2026-08-19
https://securelifts.com/contact/,2026-07-26
https://securelifts.com/about-us/,2026-07-25
https://securelifts.com/garage-door-repair-in-boca-raton,2026-07-21
https://securelifts.com/garage-door-repair-in-boca-raton/,2026-07-21
https://securelifts.com/garage-door-repair-in-fort-lauderdale,2026-07-19
https://securelifts.com/portfolio/garage-door-installation-coconut-grove/,2026-07-18
https://securelifts.com/garage-door-repair-in-broward,2026-07-17
https://securelifts.com/garage-door-repair-in-broward/,2026-07-17
https://securelifts.com/portfolio/garage-door-installation-in-pinecrest,2026-07-16
https://securelifts.com/portfolio/garage-door-installation-in-pinecrest/,2026-07-16
https://securelifts.com/garage-door-repair-in-pompano-beach,2026-07-16
https://securelifts.com/garage-door-repair-in-pompano-beach/,2026-07-16
https://securelifts.com/belt-drive-garage-door-openers/,2026-07-13
https://securelifts.com/garage-door-repair-in-tequesta,2026-07-03
https://securelifts.com/garage-door-repair-in-tequesta/,2026-07-03
https://securelifts.com/garage-door-repair-in-fort-lauderdale/,2026-06-10
https://securelifts.com/garage-door-repair-in-miramar,2026-06-04
https://securelifts.com/garage-door-repair-in-miramar/,2026-06-04
https://securelifts.com/liftmaster-8365-267-garage-door-opener,2026-06-03
https://securelifts.com/liftmaster-8365-267-garage-door-opener/,2026-06-03
https://securelifts.com/liftmaster-84505r-belt-drive-opener/,2026-06-03
https://securelifts.com/avenue-garage-door,2026-05-22
https://securelifts.com/avenue-garage-door/,2026-05-22
https://securelifts.com/medley,2026-05-19
https://securelifts.com/medley/,2026-05-19
https://securelifts.com/garage-door-repair-in-weston,2026-05-18
https://securelifts.com/garage-door-repair-in-weston/,2026-05-18
https://securelifts.com/garage-door-repair-in-sunrise/,2026-05-18
https://securelifts.com/garage-door-repair-in-riviera-beach,2026-05-12
https://securelifts.com/garage-door-repair-in-riviera-beach/,2026-05-12
https://securelifts.com/encore-en200/,2026-05-09
https://securelifts.com/encore-en200,2026-05-09